Program,Year,Period,Geo Level,State,State ANSI,Commodity,Data Item,Domain,Domain Category,Value
SURVEY,2025,YEAR,STATE,ALABAMA,1,AG LAND,"AG LAND, CROPLAND - ASSET VALUE, MEASURED IN $ / ACRE",TOTAL,NOT SPECIFIED,"4,550"
SURVEY,2025,YEAR,STATE,ALABAMA,1,AG LAND,"AG LAND, INCL BUILDINGS - ASSET VALUE, MEASURED IN $ / ACRE",TOTAL,NOT SPECIFIED,"4,150"
SURVEY,2025,YEAR,STATE,ALABAMA,1,AG LAND,"AG LAND, PASTURELAND - ASSET VALUE, MEASURED IN $ / ACRE",TOTAL,NOT SPECIFIED,"3,400"
SURVEY,2025,YEAR,STATE,ARIZONA,4,AG LAND,"AG LAND, CROPLAND - ASSET VALUE, MEASURED IN $ / ACRE",TOTAL,NOT SPECIFIED,"8,150"
SURVEY,2025,YEAR,STATE,ARIZONA,4,AG LAND,"AG LAND, INCL BUILDINGS - ASSET VALUE, MEASURED IN $ / ACRE",TOTAL,NOT SPECIFIED,"4,180"
SURVEY,2025,YEAR,STATE,ARIZONA,4,AG LAND,"AG LAND, PASTURELAND - ASSET VALUE, MEASURED IN $ / ACRE",TOTAL,NOT SPECIFIED,950
SURVEY,2025,YEAR,STATE,ARKANSAS,5,AG LAND,"AG LAND, CROPLAND - ASSET VALUE, MEASURED IN $ / ACRE",TOTAL,NOT SPECIFIED,"3,720"
SURVEY,2025,YEAR,STATE,ARKANSAS,5,AG LAND,"AG LAND, INCL BUILDINGS - ASSET VALUE, MEASURED IN $ / ACRE",TOTAL,NOT SPECIFIED,"4,250"
SURVEY,2025,YEAR,STATE,ARKANSAS,5,AG LAND,"AG LAND, PASTURELAND - ASSET VALUE, MEASURED IN $ / ACRE",TOTAL,NOT SPECIFIED,"3,370"
SURVEY,2025,YEAR,STATE,CALIFORNIA,6,AG LAND,"AG LAND, CROPLAND - ASSET VALUE, MEASURED IN $ / ACRE",TOTAL,NOT SPECIFIED,"17,940"
SURVEY,2025,YEAR,STATE,CALIFORNIA,6,AG LAND,"AG LAND, INCL BUILDINGS - ASSET VALUE, MEASURED IN $ / ACRE",TOTAL,NOT SPECIFIED,"13,700"
SURVEY,2025,YEAR,STATE,CALIFORNIA,6,AG LAND,"AG LAND, PASTURELAND - ASSET VALUE, MEASURED IN $ / ACRE",TOTAL,NOT SPECIFIED,"4,080"
SURVEY,2025,YEAR,STATE,COLORADO,8,AG LAND,"AG LAND, CROPLAND - ASSET VALUE, MEASURED IN $ / ACRE",TOTAL,NOT SPECIFIED,"2,880"
SURVEY,2025,YEAR,STATE,COLORADO,8,AG LAND,"AG LAND, INCL BUILDINGS - ASSET VALUE, MEASURED IN $ / ACRE",TOTAL,NOT SPECIFIED,"2,290"
SURVEY,2025,YEAR,STATE,COLORADO,8,AG LAND,"AG LAND, PASTURELAND - ASSET VALUE, MEASURED IN $ / ACRE",TOTAL,NOT SPECIFIED,"1,150"
SURVEY,2025,YEAR,STATE,CONNECTICUT,9,AG LAND,"AG LAND, CROPLAND - ASSET VALUE, MEASURED IN $ / ACRE",TOTAL,NOT SPECIFIED,"22,700"
SURVEY,2025,YEAR,STATE,CONNECTICUT,9,AG LAND,"AG LAND, INCL BUILDINGS - ASSET VALUE, MEASURED IN $ / ACRE",TOTAL,NOT SPECIFIED,"14,400"
SURVEY,2025,YEAR,STATE,CONNECTICUT,9,AG LAND,"AG LAND, PASTURELAND - ASSET VALUE, MEASURED IN $ / ACRE",TOTAL,NOT SPECIFIED,"12,700"
SURVEY,2025,YEAR,STATE,DELAWARE,10,AG LAND,"AG LAND, CROPLAND - ASSET VALUE, MEASURED IN $ / ACRE",TOTAL,NOT SPECIFIED,"9,300"
SURVEY,2025,YEAR,STATE,DELAWARE,10,AG LAND,"AG LAND, INCL BUILDINGS - ASSET VALUE, MEASURED IN $ / ACRE",TOTAL,NOT SPECIFIED,"9,550"
SURVEY,2025,YEAR,STATE,DELAWARE,10,AG LAND,"AG LAND, PASTURELAND - ASSET VALUE, MEASURED IN $ / ACRE",TOTAL,NOT SPECIFIED,"7,650"
SURVEY,2025,YEAR,STATE,FLORIDA,12,AG LAND,"AG LAND, CROPLAND - ASSET VALUE, MEASURED IN $ / ACRE",TOTAL,NOT SPECIFIED,"10,550"
SURVEY,2025,YEAR,STATE,FLORIDA,12,AG LAND,"AG LAND, INCL BUILDINGS - ASSET VALUE, MEASURED IN $ / ACRE",TOTAL,NOT SPECIFIED,"8,700"
SURVEY,2025,YEAR,STATE,FLORIDA,12,AG LAND,"AG LAND, PASTURELAND - ASSET VALUE, MEASURED IN $ / ACRE",TOTAL,NOT SPECIFIED,"7,400"
SURVEY,2025,YEAR,STATE,GEORGIA,13,AG LAND,"AG LAND, CROPLAND - ASSET VALUE, MEASURED IN $ / ACRE",TOTAL,NOT SPECIFIED,"4,520"
SURVEY,2025,YEAR,STATE,GEORGIA,13,AG LAND,"AG LAND, INCL BUILDINGS - ASSET VALUE, MEASURED IN $ / ACRE",TOTAL,NOT SPECIFIED,"4,720"
SURVEY,2025,YEAR,STATE,GEORGIA,13,AG LAND,"AG LAND, PASTURELAND - ASSET VALUE, MEASURED IN $ / ACRE",TOTAL,NOT SPECIFIED,"4,900"
SURVEY,2025,YEAR,STATE,IDAHO,16,AG LAND,"AG LAND, CROPLAND - ASSET VALUE, MEASURED IN $ / ACRE",TOTAL,NOT SPECIFIED,"6,050"
SURVEY,2025,YEAR,STATE,IDAHO,16,AG LAND,"AG LAND, INCL BUILDINGS - ASSET VALUE, MEASURED IN $ / ACRE",TOTAL,NOT SPECIFIED,"4,580"
SURVEY,2025,YEAR,STATE,IDAHO,16,AG LAND,"AG LAND, PASTURELAND - ASSET VALUE, MEASURED IN $ / ACRE",TOTAL,NOT SPECIFIED,"2,400"
SURVEY,2025,YEAR,STATE,ILLINOIS,17,AG LAND,"AG LAND, CROPLAND - ASSET VALUE, MEASURED IN $ / ACRE",TOTAL,NOT SPECIFIED,"9,850"
SURVEY,2025,YEAR,STATE,ILLINOIS,17,AG LAND,"AG LAND, INCL BUILDINGS - ASSET VALUE, MEASURED IN $ / ACRE",TOTAL,NOT SPECIFIED,"8,930"
SURVEY,2025,YEAR,STATE,ILLINOIS,17,AG LAND,"AG LAND, PASTURELAND - ASSET VALUE, MEASURED IN $ / ACRE",TOTAL,NOT SPECIFIED,"4,200"
SURVEY,2025,YEAR,STATE,INDIANA,18,AG LAND,"AG LAND, CROPLAND - ASSET VALUE, MEASURED IN $ / ACRE",TOTAL,NOT SPECIFIED,"8,250"
SURVEY,2025,YEAR,STATE,INDIANA,18,AG LAND,"AG LAND, INCL BUILDINGS - ASSET VALUE, MEASURED IN $ / ACRE",TOTAL,NOT SPECIFIED,"8,850"
SURVEY,2025,YEAR,STATE,INDIANA,18,AG LAND,"AG LAND, PASTURELAND - ASSET VALUE, MEASURED IN $ / ACRE",TOTAL,NOT SPECIFIED,"2,790"
SURVEY,2025,YEAR,STATE,IOWA,19,AG LAND,"AG LAND, CROPLAND - ASSET VALUE, MEASURED IN $ / ACRE",TOTAL,NOT SPECIFIED,"10,300"
SURVEY,2025,YEAR,STATE,IOWA,19,AG LAND,"AG LAND, INCL BUILDINGS - ASSET VALUE, MEASURED IN $ / ACRE",TOTAL,NOT SPECIFIED,"9,790"
SURVEY,2025,YEAR,STATE,IOWA,19,AG LAND,"AG LAND, PASTURELAND - ASSET VALUE, MEASURED IN $ / ACRE",TOTAL,NOT SPECIFIED,"3,650"
SURVEY,2025,YEAR,STATE,KANSAS,20,AG LAND,"AG LAND, CROPLAND - ASSET VALUE, MEASURED IN $ / ACRE",TOTAL,NOT SPECIFIED,"3,440"
SURVEY,2025,YEAR,STATE,KANSAS,20,AG LAND,"AG LAND, INCL BUILDINGS - ASSET VALUE, MEASURED IN $ / ACRE",TOTAL,NOT SPECIFIED,"3,100"
SURVEY,2025,YEAR,STATE,KANSAS,20,AG LAND,"AG LAND, PASTURELAND - ASSET VALUE, MEASURED IN $ / ACRE",TOTAL,NOT SPECIFIED,"2,270"
SURVEY,2025,YEAR,STATE,KENTUCKY,21,AG LAND,"AG LAND, CROPLAND - ASSET VALUE, MEASURED IN $ / ACRE",TOTAL,NOT SPECIFIED,"6,450"
SURVEY,2025,YEAR,STATE,KENTUCKY,21,AG LAND,"AG LAND, INCL BUILDINGS - ASSET VALUE, MEASURED IN $ / ACRE",TOTAL,NOT SPECIFIED,"5,480"
SURVEY,2025,YEAR,STATE,KENTUCKY,21,AG LAND,"AG LAND, PASTURELAND - ASSET VALUE, MEASURED IN $ / ACRE",TOTAL,NOT SPECIFIED,"3,900"
SURVEY,2025,YEAR,STATE,LOUISIANA,22,AG LAND,"AG LAND, CROPLAND - ASSET VALUE, MEASURED IN $ / ACRE",TOTAL,NOT SPECIFIED,"3,570"
SURVEY,2025,YEAR,STATE,LOUISIANA,22,AG LAND,"AG LAND, INCL BUILDINGS - ASSET VALUE, MEASURED IN $ / ACRE",TOTAL,NOT SPECIFIED,"3,850"
SURVEY,2025,YEAR,STATE,LOUISIANA,22,AG LAND,"AG LAND, PASTURELAND - ASSET VALUE, MEASURED IN $ / ACRE",TOTAL,NOT SPECIFIED,"3,490"
SURVEY,2025,YEAR,STATE,MAINE,23,AG LAND,"AG LAND, CROPLAND - ASSET VALUE, MEASURED IN $ / ACRE",TOTAL,NOT SPECIFIED,"4,600"
SURVEY,2025,YEAR,STATE,MAINE,23,AG LAND,"AG LAND, INCL BUILDINGS - ASSET VALUE, MEASURED IN $ / ACRE",TOTAL,NOT SPECIFIED,"3,350"
SURVEY,2025,YEAR,STATE,MAINE,23,AG LAND,"AG LAND, PASTURELAND - ASSET VALUE, MEASURED IN $ / ACRE",TOTAL,NOT SPECIFIED,"2,600"
SURVEY,2025,YEAR,STATE,MARYLAND,24,AG LAND,"AG LAND, CROPLAND - ASSET VALUE, MEASURED IN $ / ACRE",TOTAL,NOT SPECIFIED,"8,990"
SURVEY,2025,YEAR,STATE,MARYLAND,24,AG LAND,"AG LAND, INCL BUILDINGS - ASSET VALUE, MEASURED IN $ / ACRE",TOTAL,NOT SPECIFIED,"9,750"
SURVEY,2025,YEAR,STATE,MARYLAND,24,AG LAND,"AG LAND, PASTURELAND - ASSET VALUE, MEASURED IN $ / ACRE",TOTAL,NOT SPECIFIED,"8,100"
SURVEY,2025,YEAR,STATE,MASSACHUSETTS,25,AG LAND,"AG LAND, CROPLAND - ASSET VALUE, MEASURED IN $ / ACRE",TOTAL,NOT SPECIFIED,"26,000"
SURVEY,2025,YEAR,STATE,MASSACHUSETTS,25,AG LAND,"AG LAND, INCL BUILDINGS - ASSET VALUE, MEASURED IN $ / ACRE",TOTAL,NOT SPECIFIED,"14,900"
SURVEY,2025,YEAR,STATE,MASSACHUSETTS,25,AG LAND,"AG LAND, PASTURELAND - ASSET VALUE, MEASURED IN $ / ACRE",TOTAL,NOT SPECIFIED,"15,100"
SURVEY,2025,YEAR,STATE,MICHIGAN,26,AG LAND,"AG LAND, CROPLAND - ASSET VALUE, MEASURED IN $ / ACRE",TOTAL,NOT SPECIFIED,"6,350"
SURVEY,2025,YEAR,STATE,MICHIGAN,26,AG LAND,"AG LAND, INCL BUILDINGS - ASSET VALUE, MEASURED IN $ / ACRE",TOTAL,NOT SPECIFIED,"6,800"
SURVEY,2025,YEAR,STATE,MICHIGAN,26,AG LAND,"AG LAND, PASTURELAND - ASSET VALUE, MEASURED IN $ / ACRE",TOTAL,NOT SPECIFIED,"3,100"
SURVEY,2025,YEAR,STATE,MINNESOTA,27,AG LAND,"AG LAND, CROPLAND - ASSET VALUE, MEASURED IN $ / ACRE",TOTAL,NOT SPECIFIED,"7,000"
SURVEY,2025,YEAR,STATE,MINNESOTA,27,AG LAND,"AG LAND, INCL BUILDINGS - ASSET VALUE, MEASURED IN $ / ACRE",TOTAL,NOT SPECIFIED,"6,790"
SURVEY,2025,YEAR,STATE,MINNESOTA,27,AG LAND,"AG LAND, PASTURELAND - ASSET VALUE, MEASURED IN $ / ACRE",TOTAL,NOT SPECIFIED,"2,300"
SURVEY,2025,YEAR,STATE,MISSISSIPPI,28,AG LAND,"AG LAND, CROPLAND - ASSET VALUE, MEASURED IN $ / ACRE",TOTAL,NOT SPECIFIED,"3,960"
SURVEY,2025,YEAR,STATE,MISSISSIPPI,28,AG LAND,"AG LAND, INCL BUILDINGS - ASSET VALUE, MEASURED IN $ / ACRE",TOTAL,NOT SPECIFIED,"3,580"
SURVEY,2025,YEAR,STATE,MISSISSIPPI,28,AG LAND,"AG LAND, PASTURELAND - ASSET VALUE, MEASURED IN $ / ACRE",TOTAL,NOT SPECIFIED,"3,220"
SURVEY,2025,YEAR,STATE,MISSOURI,29,AG LAND,"AG LAND, CROPLAND - ASSET VALUE, MEASURED IN $ / ACRE",TOTAL,NOT SPECIFIED,"5,150"
SURVEY,2025,YEAR,STATE,MISSOURI,29,AG LAND,"AG LAND, INCL BUILDINGS - ASSET VALUE, MEASURED IN $ / ACRE",TOTAL,NOT SPECIFIED,"5,000"
SURVEY,2025,YEAR,STATE,MISSOURI,29,AG LAND,"AG LAND, PASTURELAND - ASSET VALUE, MEASURED IN $ / ACRE",TOTAL,NOT SPECIFIED,"2,750"
SURVEY,2025,YEAR,STATE,MONTANA,30,AG LAND,"AG LAND, CROPLAND - ASSET VALUE, MEASURED IN $ / ACRE",TOTAL,NOT SPECIFIED,"1,320"
SURVEY,2025,YEAR,STATE,MONTANA,30,AG LAND,"AG LAND, INCL BUILDINGS - ASSET VALUE, MEASURED IN $ / ACRE",TOTAL,NOT SPECIFIED,"1,230"
SURVEY,2025,YEAR,STATE,MONTANA,30,AG LAND,"AG LAND, PASTURELAND - ASSET VALUE, MEASURED IN $ / ACRE",TOTAL,NOT SPECIFIED,920
SURVEY,2025,YEAR,STATE,NEBRASKA,31,AG LAND,"AG LAND, CROPLAND - ASSET VALUE, MEASURED IN $ / ACRE",TOTAL,NOT SPECIFIED,"6,800"
SURVEY,2025,YEAR,STATE,NEBRASKA,31,AG LAND,"AG LAND, INCL BUILDINGS - ASSET VALUE, MEASURED IN $ / ACRE",TOTAL,NOT SPECIFIED,"4,250"
SURVEY,2025,YEAR,STATE,NEBRASKA,31,AG LAND,"AG LAND, PASTURELAND - ASSET VALUE, MEASURED IN $ / ACRE",TOTAL,NOT SPECIFIED,"1,510"
SURVEY,2025,YEAR,STATE,NEVADA,32,AG LAND,"AG LAND, CROPLAND - ASSET VALUE, MEASURED IN $ / ACRE",TOTAL,NOT SPECIFIED,"3,030"
SURVEY,2025,YEAR,STATE,NEVADA,32,AG LAND,"AG LAND, INCL BUILDINGS - ASSET VALUE, MEASURED IN $ / ACRE",TOTAL,NOT SPECIFIED,"1,200"
SURVEY,2025,YEAR,STATE,NEVADA,32,AG LAND,"AG LAND, PASTURELAND - ASSET VALUE, MEASURED IN $ / ACRE",TOTAL,NOT SPECIFIED,850
SURVEY,2025,YEAR,STATE,NEW HAMPSHIRE,33,AG LAND,"AG LAND, CROPLAND - ASSET VALUE, MEASURED IN $ / ACRE",TOTAL,NOT SPECIFIED,"9,900"
SURVEY,2025,YEAR,STATE,NEW HAMPSHIRE,33,AG LAND,"AG LAND, INCL BUILDINGS - ASSET VALUE, MEASURED IN $ / ACRE",TOTAL,NOT SPECIFIED,"6,500"
SURVEY,2025,YEAR,STATE,NEW HAMPSHIRE,33,AG LAND,"AG LAND, PASTURELAND - ASSET VALUE, MEASURED IN $ / ACRE",TOTAL,NOT SPECIFIED,"7,850"
SURVEY,2025,YEAR,STATE,NEW JERSEY,34,AG LAND,"AG LAND, CROPLAND - ASSET VALUE, MEASURED IN $ / ACRE",TOTAL,NOT SPECIFIED,"16,400"
SURVEY,2025,YEAR,STATE,NEW JERSEY,34,AG LAND,"AG LAND, INCL BUILDINGS - ASSET VALUE, MEASURED IN $ / ACRE",TOTAL,NOT SPECIFIED,"16,600"
SURVEY,2025,YEAR,STATE,NEW JERSEY,34,AG LAND,"AG LAND, PASTURELAND - ASSET VALUE, MEASURED IN $ / ACRE",TOTAL,NOT SPECIFIED,"15,200"
SURVEY,2025,YEAR,STATE,NEW MEXICO,35,AG LAND,"AG LAND, CROPLAND - ASSET VALUE, MEASURED IN $ / ACRE",TOTAL,NOT SPECIFIED,"2,020"
SURVEY,2025,YEAR,STATE,NEW MEXICO,35,AG LAND,"AG LAND, INCL BUILDINGS - ASSET VALUE, MEASURED IN $ / ACRE",TOTAL,NOT SPECIFIED,725
SURVEY,2025,YEAR,STATE,NEW MEXICO,35,AG LAND,"AG LAND, PASTURELAND - ASSET VALUE, MEASURED IN $ / ACRE",TOTAL,NOT SPECIFIED,630
SURVEY,2025,YEAR,STATE,NEW YORK,36,AG LAND,"AG LAND, CROPLAND - ASSET VALUE, MEASURED IN $ / ACRE",TOTAL,NOT SPECIFIED,"4,010"
SURVEY,2025,YEAR,STATE,NEW YORK,36,AG LAND,"AG LAND, INCL BUILDINGS - ASSET VALUE, MEASURED IN $ / ACRE",TOTAL,NOT SPECIFIED,"4,300"
SURVEY,2025,YEAR,STATE,NEW YORK,36,AG LAND,"AG LAND, PASTURELAND - ASSET VALUE, MEASURED IN $ / ACRE",TOTAL,NOT SPECIFIED,"1,950"
SURVEY,2025,YEAR,STATE,NORTH CAROLINA,37,AG LAND,"AG LAND, CROPLAND - ASSET VALUE, MEASURED IN $ / ACRE",TOTAL,NOT SPECIFIED,"5,360"
SURVEY,2025,YEAR,STATE,NORTH CAROLINA,37,AG LAND,"AG LAND, INCL BUILDINGS - ASSET VALUE, MEASURED IN $ / ACRE",TOTAL,NOT SPECIFIED,"5,470"
SURVEY,2025,YEAR,STATE,NORTH CAROLINA,37,AG LAND,"AG LAND, PASTURELAND - ASSET VALUE, MEASURED IN $ / ACRE",TOTAL,NOT SPECIFIED,"6,050"
SURVEY,2025,YEAR,STATE,NORTH DAKOTA,38,AG LAND,"AG LAND, CROPLAND - ASSET VALUE, MEASURED IN $ / ACRE",TOTAL,NOT SPECIFIED,"2,710"
SURVEY,2025,YEAR,STATE,NORTH DAKOTA,38,AG LAND,"AG LAND, INCL BUILDINGS - ASSET VALUE, MEASURED IN $ / ACRE",TOTAL,NOT SPECIFIED,"2,360"
SURVEY,2025,YEAR,STATE,NORTH DAKOTA,38,AG LAND,"AG LAND, PASTURELAND - ASSET VALUE, MEASURED IN $ / ACRE",TOTAL,NOT SPECIFIED,"1,140"
SURVEY,2025,YEAR,STATE,OHIO,39,AG LAND,"AG LAND, CROPLAND - ASSET VALUE, MEASURED IN $ / ACRE",TOTAL,NOT SPECIFIED,"9,750"
SURVEY,2025,YEAR,STATE,OHIO,39,AG LAND,"AG LAND, INCL BUILDINGS - ASSET VALUE, MEASURED IN $ / ACRE",TOTAL,NOT SPECIFIED,"9,350"
SURVEY,2025,YEAR,STATE,OHIO,39,AG LAND,"AG LAND, PASTURELAND - ASSET VALUE, MEASURED IN $ / ACRE",TOTAL,NOT SPECIFIED,"4,150"
SURVEY,2025,YEAR,STATE,OKLAHOMA,40,AG LAND,"AG LAND, CROPLAND - ASSET VALUE, MEASURED IN $ / ACRE",TOTAL,NOT SPECIFIED,"2,470"
SURVEY,2025,YEAR,STATE,OKLAHOMA,40,AG LAND,"AG LAND, INCL BUILDINGS - ASSET VALUE, MEASURED IN $ / ACRE",TOTAL,NOT SPECIFIED,"2,540"
SURVEY,2025,YEAR,STATE,OKLAHOMA,40,AG LAND,"AG LAND, PASTURELAND - ASSET VALUE, MEASURED IN $ / ACRE",TOTAL,NOT SPECIFIED,"2,100"
SURVEY,2025,YEAR,STATE,OREGON,41,AG LAND,"AG LAND, CROPLAND - ASSET VALUE, MEASURED IN $ / ACRE",TOTAL,NOT SPECIFIED,"4,440"
SURVEY,2025,YEAR,STATE,OREGON,41,AG LAND,"AG LAND, INCL BUILDINGS - ASSET VALUE, MEASURED IN $ / ACRE",TOTAL,NOT SPECIFIED,"3,780"
SURVEY,2025,YEAR,STATE,OREGON,41,AG LAND,"AG LAND, PASTURELAND - ASSET VALUE, MEASURED IN $ / ACRE",TOTAL,NOT SPECIFIED,"1,080"
SURVEY,2025,YEAR,STATE,OTHER STATES,,AG LAND,"AG LAND, CROPLAND - ASSET VALUE, MEASURED IN $ / ACRE",TOTAL,NOT SPECIFIED,0
SURVEY,2025,YEAR,STATE,OTHER STATES,,AG LAND,"AG LAND, INCL BUILDINGS - ASSET VALUE, MEASURED IN $ / ACRE",TOTAL,NOT SPECIFIED,0
SURVEY,2025,YEAR,STATE,OTHER STATES,,AG LAND,"AG LAND, PASTURELAND - ASSET VALUE, MEASURED IN $ / ACRE",TOTAL,NOT SPECIFIED,0
SURVEY,2025,YEAR,STATE,PENNSYLVANIA,42,AG LAND,"AG LAND, CROPLAND - ASSET VALUE, MEASURED IN $ / ACRE",TOTAL,NOT SPECIFIED,"9,560"
SURVEY,2025,YEAR,STATE,PENNSYLVANIA,42,AG LAND,"AG LAND, INCL BUILDINGS - ASSET VALUE, MEASURED IN $ / ACRE",TOTAL,NOT SPECIFIED,"8,490"
SURVEY,2025,YEAR,STATE,PENNSYLVANIA,42,AG LAND,"AG LAND, PASTURELAND - ASSET VALUE, MEASURED IN $ / ACRE",TOTAL,NOT SPECIFIED,"4,240"
SURVEY,2025,YEAR,STATE,RHODE ISLAND,44,AG LAND,"AG LAND, CROPLAND - ASSET VALUE, MEASURED IN $ / ACRE",TOTAL,NOT SPECIFIED,"32,900"
SURVEY,2025,YEAR,STATE,RHODE ISLAND,44,AG LAND,"AG LAND, INCL BUILDINGS - ASSET VALUE, MEASURED IN $ / ACRE",TOTAL,NOT SPECIFIED,"22,500"
SURVEY,2025,YEAR,STATE,RHODE ISLAND,44,AG LAND,"AG LAND, PASTURELAND - ASSET VALUE, MEASURED IN $ / ACRE",TOTAL,NOT SPECIFIED,"16,900"
SURVEY,2025,YEAR,STATE,SOUTH CAROLINA,45,AG LAND,"AG LAND, CROPLAND - ASSET VALUE, MEASURED IN $ / ACRE",TOTAL,NOT SPECIFIED,"4,000"
SURVEY,2025,YEAR,STATE,SOUTH CAROLINA,45,AG LAND,"AG LAND, INCL BUILDINGS - ASSET VALUE, MEASURED IN $ / ACRE",TOTAL,NOT SPECIFIED,"4,740"
SURVEY,2025,YEAR,STATE,SOUTH CAROLINA,45,AG LAND,"AG LAND, PASTURELAND - ASSET VALUE, MEASURED IN $ / ACRE",TOTAL,NOT SPECIFIED,"4,300"
SURVEY,2025,YEAR,STATE,SOUTH DAKOTA,46,AG LAND,"AG LAND, CROPLAND - ASSET VALUE, MEASURED IN $ / ACRE",TOTAL,NOT SPECIFIED,"4,610"
SURVEY,2025,YEAR,STATE,SOUTH DAKOTA,46,AG LAND,"AG LAND, INCL BUILDINGS - ASSET VALUE, MEASURED IN $ / ACRE",TOTAL,NOT SPECIFIED,"2,970"
SURVEY,2025,YEAR,STATE,SOUTH DAKOTA,46,AG LAND,"AG LAND, PASTURELAND - ASSET VALUE, MEASURED IN $ / ACRE",TOTAL,NOT SPECIFIED,"1,340"
SURVEY,2025,YEAR,STATE,TENNESSEE,47,AG LAND,"AG LAND, CROPLAND - ASSET VALUE, MEASURED IN $ / ACRE",TOTAL,NOT SPECIFIED,"6,050"
SURVEY,2025,YEAR,STATE,TENNESSEE,47,AG LAND,"AG LAND, INCL BUILDINGS - ASSET VALUE, MEASURED IN $ / ACRE",TOTAL,NOT SPECIFIED,"6,150"
SURVEY,2025,YEAR,STATE,TENNESSEE,47,AG LAND,"AG LAND, PASTURELAND - ASSET VALUE, MEASURED IN $ / ACRE",TOTAL,NOT SPECIFIED,"5,600"
SURVEY,2025,YEAR,STATE,TEXAS,48,AG LAND,"AG LAND, CROPLAND - ASSET VALUE, MEASURED IN $ / ACRE",TOTAL,NOT SPECIFIED,"2,710"
SURVEY,2025,YEAR,STATE,TEXAS,48,AG LAND,"AG LAND, INCL BUILDINGS - ASSET VALUE, MEASURED IN $ / ACRE",TOTAL,NOT SPECIFIED,"2,970"
SURVEY,2025,YEAR,STATE,TEXAS,48,AG LAND,"AG LAND, PASTURELAND - ASSET VALUE, MEASURED IN $ / ACRE",TOTAL,NOT SPECIFIED,"2,300"
SURVEY,2025,YEAR,STATE,UTAH,49,AG LAND,"AG LAND, CROPLAND - ASSET VALUE, MEASURED IN $ / ACRE",TOTAL,NOT SPECIFIED,"5,790"
SURVEY,2025,YEAR,STATE,UTAH,49,AG LAND,"AG LAND, INCL BUILDINGS - ASSET VALUE, MEASURED IN $ / ACRE",TOTAL,NOT SPECIFIED,"3,500"
SURVEY,2025,YEAR,STATE,UTAH,49,AG LAND,"AG LAND, PASTURELAND - ASSET VALUE, MEASURED IN $ / ACRE",TOTAL,NOT SPECIFIED,"1,900"
SURVEY,2025,YEAR,STATE,VERMONT,50,AG LAND,"AG LAND, CROPLAND - ASSET VALUE, MEASURED IN $ / ACRE",TOTAL,NOT SPECIFIED,"4,350"
SURVEY,2025,YEAR,STATE,VERMONT,50,AG LAND,"AG LAND, INCL BUILDINGS - ASSET VALUE, MEASURED IN $ / ACRE",TOTAL,NOT SPECIFIED,"4,400"
SURVEY,2025,YEAR,STATE,VERMONT,50,AG LAND,"AG LAND, PASTURELAND - ASSET VALUE, MEASURED IN $ / ACRE",TOTAL,NOT SPECIFIED,"2,830"
SURVEY,2025,YEAR,STATE,VIRGINIA,51,AG LAND,"AG LAND, CROPLAND - ASSET VALUE, MEASURED IN $ / ACRE",TOTAL,NOT SPECIFIED,"6,170"
SURVEY,2025,YEAR,STATE,VIRGINIA,51,AG LAND,"AG LAND, INCL BUILDINGS - ASSET VALUE, MEASURED IN $ / ACRE",TOTAL,NOT SPECIFIED,"6,100"
SURVEY,2025,YEAR,STATE,VIRGINIA,51,AG LAND,"AG LAND, PASTURELAND - ASSET VALUE, MEASURED IN $ / ACRE",TOTAL,NOT SPECIFIED,"5,300"
SURVEY,2025,YEAR,STATE,WASHINGTON,53,AG LAND,"AG LAND, CROPLAND - ASSET VALUE, MEASURED IN $ / ACRE",TOTAL,NOT SPECIFIED,"3,480"
SURVEY,2025,YEAR,STATE,WASHINGTON,53,AG LAND,"AG LAND, INCL BUILDINGS - ASSET VALUE, MEASURED IN $ / ACRE",TOTAL,NOT SPECIFIED,"3,710"
SURVEY,2025,YEAR,STATE,WASHINGTON,53,AG LAND,"AG LAND, PASTURELAND - ASSET VALUE, MEASURED IN $ / ACRE",TOTAL,NOT SPECIFIED,960
SURVEY,2025,YEAR,STATE,WEST VIRGINIA,54,AG LAND,"AG LAND, CROPLAND - ASSET VALUE, MEASURED IN $ / ACRE",TOTAL,NOT SPECIFIED,"4,220"
SURVEY,2025,YEAR,STATE,WEST VIRGINIA,54,AG LAND,"AG LAND, INCL BUILDINGS - ASSET VALUE, MEASURED IN $ / ACRE",TOTAL,NOT SPECIFIED,"3,520"
SURVEY,2025,YEAR,STATE,WEST VIRGINIA,54,AG LAND,"AG LAND, PASTURELAND - ASSET VALUE, MEASURED IN $ / ACRE",TOTAL,NOT SPECIFIED,"2,330"
SURVEY,2025,YEAR,STATE,WISCONSIN,55,AG LAND,"AG LAND, CROPLAND - ASSET VALUE, MEASURED IN $ / ACRE",TOTAL,NOT SPECIFIED,"7,250"
SURVEY,2025,YEAR,STATE,WISCONSIN,55,AG LAND,"AG LAND, INCL BUILDINGS - ASSET VALUE, MEASURED IN $ / ACRE",TOTAL,NOT SPECIFIED,"6,420"
SURVEY,2025,YEAR,STATE,WISCONSIN,55,AG LAND,"AG LAND, PASTURELAND - ASSET VALUE, MEASURED IN $ / ACRE",TOTAL,NOT SPECIFIED,"3,300"
SURVEY,2025,YEAR,STATE,WYOMING,56,AG LAND,"AG LAND, CROPLAND - ASSET VALUE, MEASURED IN $ / ACRE",TOTAL,NOT SPECIFIED,"2,000"
SURVEY,2025,YEAR,STATE,WYOMING,56,AG LAND,"AG LAND, INCL BUILDINGS - ASSET VALUE, MEASURED IN $ / ACRE",TOTAL,NOT SPECIFIED,"1,000"
SURVEY,2025,YEAR,STATE,WYOMING,56,AG LAND,"AG LAND, PASTURELAND - ASSET VALUE, MEASURED IN $ / ACRE",TOTAL,NOT SPECIFIED,755
